"Num","block","Original Num","SNP"
"1",1,1,"rs2659101.51322211.T.C_C"
"2",1,2,"rs5519.51322312.T.C_T"
"3",1,3,"rs3212837.51322790.C.A_C"
"4",2,4,"rs3212834.51322836.T.C_T"
"5",2,5,"rs3212833.51322879.C.T_C"
"6",2,6,"rs5517.51323232.T.C_T"
"7",2,7,"rs3212830.51323378.C.T_C"
"8",2,8,"rs5516_G"
"9",2,9,"rs5515.51323676.C.T_C"
"10",2,10,"rs2740505_C"
"11",2,11,"rs2659103.51323881.T.G_G"
"12",2,12,"rs3212829.51323913.G.C_G"
"13",2,13,"rs2659104.51323947.A.G_G"
"14",2,15,"rs2740502_G"
"15",2,16,"rs3212821.51326296.G.T_G"
"16",2,17,"rs3212820.51326358.C.A_C"
"17",2,18,"rs143820692.51326950.C.T_C"
"18",2,19,"rs36217621.51327063.G.C_G"
"19",2,21,"rs3212855_T"
"20",2,22,"rs2560934_A"
"21",2,23,"rs3212814.51328296.C.T_C"
"22",2,24,"rs3212810.51328736.C.T_C"
"23",2,25,"rs3212853_C"
"24",2,26,"rs3212808.51329272.T.G_T"
"25",2,27,"rs61752560.51330423.C.G_C"
"26",2,28,"rs3745522.51330932.G.T_G"
"27",2,29,"rs266112.51331589.G.C_G"
"28",2,30,"rs4802748.51332061.C.T_C"
"29",3,31,"rs4435367.51332311.T.C_C"
"30",3,32,"rs266113.51332481.C.T_C"
"31",3,33,"rs266114.51332670.C.T_T"
"32",3,34,"rs266115.51333238.A.G_A"
"33",4,35,"rs7246740.51333674.A.G_A"
"34",4,36,"rs113865932.51334115.G.A_G"
"35",5,37,"rs2560935_C"
"36",5,38,"rs3745523.51334890.C.T_C"
"37",5,39,"c19_pos56026861_T"
"38",5,40,"rs2569736.51335131.A.G_G"
"39",5,41,"rs2659057.51335245.A.T_T"
"40",5,43,"rs2659056_T"
"41",5,44,"rs266850.51336197.G.A_A"
"42",5,45,"rs142212375.51336261.C.T_C"
"43",5,46,"rs266851.51336339.C.T_C"
"44",5,47,"c19_pos56028278_A"
"45",5,48,"rs2659055_C"
"46",5,49,"rs11666508.51337593.C.T_C"
"47",5,50,"rs266852.51337595.T.C_C"
"48",5,51,"rs266853.51337708.T.C_T"
"49",5,52,"rs266854.51337818.A.C_C"
"50",5,53,"rs190552.51338193.T.C_T"
"51",5,54,"rs266855_G"
"52",6,55,"rs266856.51338506.C.T_C"
"53",6,56,"rs2739442.51339173.G.A_G"
"54",6,57,"rs266857_T"
"55",6,58,"rs66962846.51339816.T.G_T"
"56",6,59,"rs266858_T"
"57",6,60,"rs2569745.51340188.T.C_T"
"58",6,61,"rs73048483.51340543.G.A_G"
"59",7,62,"rs2659053_G"
"60",7,63,"rs62113172.51340795.G.A_G"
"61",7,64,"rs2569746_A"
"62",7,65,"rs35711205_G"
"63",7,66,"rs2569747.51341063.A.G_A"
"64",7,67,"rs2739443.51341326.G.A_G"
"65",7,68,"rs62113173.51341445.G.A_G"
"66",7,69,"rs2569748.51341455.G.A_G"
"67",7,70,"c19_pos56033275_C"
"68",7,71,"rs34988149_T"
"69",7,72,"rs12975062.51342357.G.A_G"
"70",8,74,"rs2569752.51342875.A.G_A"
"71",8,75,"rs11667223.51343132.G.A_G"
"72",8,76,"rs10413296.51343459.T.C_T"
"73",8,77,"rs56208566.51343623.A.C_A"
"74",8,78,"rs2659052.51343737.G.C_C"
"75",8,79,"rs12984286.51343805.C.T_C"
"76",8,80,"rs74442783.51344094.A.G_A"
"77",8,81,"rs2569753.51344178.T.C_C"
"78",8,82,"rs34575650_C"
"79",8,83,"c19_pos56037076_T"
"80",8,84,"rs62113175.51345325.G.T_G"
"81",9,85,"rs2659051_G"
"82",9,86,"rs2569729_G"
"83",9,87,"rs266848.51346081.A.G_G"
"84",9,88,"rs56397626.51346522.A.G_A"
"85",9,89,"rs4802751.51348229.G.C_C"
"86",9,90,"rs4802752.51348297.G.A_A"
"87",9,91,"rs72626245.51348365.A.G_A"
"88",9,92,"rs4801855.51348572.T.G_G"
"89",9,93,"rs10402571.51349044.A.G_A"
"90",9,94,"rs266849_A"
"91",9,95,"rs11878415.51349288.G.T_T"
"92",9,96,"rs56204022.51349557.G.T_G"
"93",9,97,"rs11084032.51349602.A.G_G"
"94",9,99,"rs112343212.51349781.C.T_C"
"95",9,100,"rs2411332.51350740.A.G_G"
"96",9,101,"rs7251465.51350791.A.G_A"
"97",9,102,"rs2411331.51350880.T.A_A"
"98",10,103,"rs266873.51351082.C.T_C"
"99",10,104,"rs266871.51351488.G.A_G"
"100",10,105,"rs7256136.51351726.G.A_G"
"101",10,106,"rs266870_C"
"102",10,107,"rs266869.51352080.A.G_A"
"103",10,108,"rs55848944.51352677.G.A_G"
"104",10,109,"rs113836077.51352743.T.C_T"
"105",10,110,"rs113614638.51352778.G.A_G"
"106",10,111,"rs2569733.51352815.T.G_T"
"107",10,112,"rs266868_G"
"108",10,113,"rs266867.51353027.A.T_T"
"109",10,114,"c19_pos56045042_G"
"110",10,115,"rs266866_G"
"111",10,116,"rs113915820.51353479.T.G_T"
"112",10,117,"rs925013_A"
"113",10,118,"c19_pos56045597_C"
"114",10,119,"rs11084033_C"
"115",11,120,"rs266864_G"
"116",11,121,"rs11665748_A"
"117",11,122,"rs2659124.51354597.A.T_T"
"118",11,123,"rs112786111.51354652.T.A_T"
"119",11,124,"rs3760719_C"
"120",11,125,"rs266863_C"
"121",11,126,"rs3760720.51356062.G.A_G"
"122",11,127,"rs266862_A"
"123",12,128,"rs266861_T"
"124",12,130,"rs2739450.51357087.C.T_T"
"125",12,131,"rs2739451.51357271.T.C_T"
"126",12,132,"rs3760721.51357504.C.T_C"
"127",12,133,"rs3760722.51357816.C.T_C"
"128",12,134,"rs4802754_G"
"129",12,135,"rs266882.51358013.G.A_A"
"130",12,136,"rs266881_C"
"131",12,137,"rs2292186.51358394.C.T_C"
"132",12,138,"rs266880.51358471.C.G_C"
"133",12,139,"rs55661885.51358500.G.A_G"
"134",12,140,"rs1053972.51358629.C.T_C"
"135",12,141,"rs266879_C"
"136",12,142,"rs2292185_C"
"137",12,143,"rs266878_C"
"138",13,144,"rs2271095_T"
"139",13,145,"rs11573.51359497.T.C_T"
"140",13,146,"rs174776_C"
"141",13,147,"rs58946822.51360082.A.T_A"
"142",13,148,"rs1061476_G"
"143",13,150,"rs191177367.51360414.G.A_G"
"144",13,151,"rs266877.51360768.A.G_G"
"145",13,152,"rs266876_T"
"146",13,153,"c19_pos56052652_C"
"147",13,154,"rs11554026_C"
"148",13,155,"c19_pos56053194_G"
"149",13,156,"rs2003783.51361472.C.A_C"
"150",13,157,"rs1810020.51361644.A.G_G"
"151",13,158,"rs17632542_T"
"152",13,159,"rs266875_A"
"153",13,160,"rs34750956_C"
"154",13,161,"rs11084034_C"
"155",13,162,"rs79435423.51362325.C.T_C"
"156",13,163,"rs73591117.51362399.G.A_G"
"157",13,164,"rs62113213.51362477.G.A_G"
"158",13,165,"rs62113214.51362537.T.G_T"
"159",13,166,"rs62113215.51362585.A.T_A"
"160",14,167,"rs76765083.51362715.T.G_T"
"161",14,168,"rs66592214.51362716.T.C_T"
"162",14,170,"rs2659122_T"
"163",14,171,"rs1058205_T"
"164",14,172,"rs1058274.51363448.A.G_A"
"165",14,173,"rs6998_G"
"166",14,174,"rs73052441.51364200.C.T_C"
"167",14,175,"rs55799315.51364223.C.G_C"
"168",14,176,"rs4802755_C"
"169",14,177,"rs2569735_G"
"170",14,178,"rs8104556.51364380.C.T_C"
"171",14,179,"rs2735839_G"
"172",14,180,"rs17632611.51364649.A.C_A"
"173",14,181,"c19_pos56056615_T"
"174",14,182,"rs55887816.51364867.C.T_C"
"175",14,183,"c19_pos56056873_C"
"176",14,184,"rs111362352.51365440.C.T_C"
"177",14,185,"rs2735837.51365466.A.G_G"
"178",14,186,"rs62113217.51365545.C.T_T"
"179",14,187,"rs62113218.51365586.T.G_T"
"180",14,188,"rs73591127.51365729.G.A_G"
"181",14,189,"rs8112276_G"
"182",14,190,"rs78441352.51366344.A.G_A"
"183",14,191,"rs10221544.51366539.T.C_T"
"184",14,192,"rs56351139.51366909.C.G_C"
"185",15,193,"rs77232973.51367059.C.T_C"
"186",15,194,"rs2739456.51367281.G.T_G"
"187",15,195,"rs62113225.51367401.C.T_C"
"188",15,196,"rs58823125.51367667.C.T_C"
"189",16,197,"rs34532440.51367948.A.C_A"
"190",16,198,"rs2739458.51368103.A.G_G"
"191",16,199,"rs4141856.51368504.C.T_T"
"192",16,200,"rs201126573.51368561.T.C_T"
"193",16,201,"rs7252737.51368567.C.T_T"
"194",16,202,"rs139221650.51368695.T.C_T"
"195",16,203,"rs6509500.51368733.T.C_C"
"196",16,204,"rs10414334.51368747.C.A_C"
"197",16,206,"rs2739459_A"
"198",16,207,"rs2739460_A"
"199",16,208,"rs2739461.51369451.T.C_C"
"200",16,209,"rs2569737.51369587.C.G_G"
"201",16,210,"rs2739462.51369624.T.C_C"
"202",16,211,"rs10422030.51369753.G.T_G"
"203",16,212,"rs2569738.51369840.C.T_C"
"204",16,213,"rs2739464.51369848.G.A_A"
"205",16,215,"rs2739468.51370543.A.C_C"
"206",16,216,"rs2739469.51370593.T.C_C"
"207",16,217,"rs10409302.51371375.A.G_A"
"208",16,218,"rs78441704.51371390.C.T_C"
"209",16,219,"rs1506684_G"
"210",16,220,"rs73592831.51371688.C.T_C"
"211",16,221,"c19_pos56064073_A"
"212",17,222,"rs2569739_T"
"213",17,224,"rs2739472.51373279.T.C_C"
"214",17,225,"rs62113227.51373353.G.C_G"
"215",17,226,"rs2739473.51373385.A.G_G"
"216",17,228,"rs12983994_C"
"217",17,229,"rs2739476.51373818.A.G_G"
"218",17,230,"rs12974899.51373899.A.C_A"
"219",17,231,"rs3760724_A"
"220",17,232,"rs34314776.51374050.A.G_A"
"221",17,233,"rs2569741.51374097.C.G_C"
"222",17,234,"rs2569742.51374225.C.G_G"
"223",17,235,"rs2569743.51374237.C.T_C"
"224",17,237,"rs2739478_G"
"225",17,238,"rs3760730.51374647.G.A_G"
"226",17,239,"rs10424878.51374967.A.G_G"
"227",17,240,"rs12984666.51375100.G.T_G"
"228",17,242,"rs7260115_A"
"229",17,243,"rs3760731.51375716.C.T_C"
"230",17,244,"rs11084038.51376092.C.T_C"
"231",17,245,"rs62113072.51376486.G.A_G"
"232",17,246,"rs11670728_G"
"233",17,247,"rs12978483.51376506.A.G_A"
"234",17,248,"rs62113073.51376837.C.G_C"
"235",17,249,"rs2664155.51377030.G.A_G"
"236",18,250,"rs2664156_C"
"237",18,251,"rs12973367.51377309.T.C_T"
"238",18,252,"rs73592857.51377607.A.G_A"
"239",18,253,"rs62113074.51378273.C.T_C"
"240",18,255,"rs2664158.51378821.G.A_G"
"241",18,256,"rs2664159.51378884.G.A_G"
"242",19,259,"rs11549920.51379556.A.C_A"
"243",19,260,"rs198972_C"
"244",20,261,"rs6070.51380110.T.A_T"
"245",20,262,"rs34964828_C"
"246",20,263,"rs8105275.51380445.G.T_G"
"247",20,264,"rs77792593.51380544.A.G_A"
"248",20,265,"rs8105211.51380601.C.T_C"
"249",20,266,"rs198974.51380602.T.G_T"
"250",20,268,"rs8108845.51381083.G.C_G"
"251",20,269,"rs198976.51381126.C.T_C"
"252",20,270,"rs198977_C"
"253",20,271,"rs198978_G"
"254",20,272,"rs80050017.51383200.G.T_G"
"255",20,273,"rs187930_C"
"256",20,274,"rs198979_T"
"257",20,277,"rs16987929.51385253.A.G_A"
"258",20,279,"rs198964.51385483.G.C_G"
"259",20,281,"c19_pos56079060_C"
"260",20,282,"rs198958.51388878.T.A_T"
"261",20,284,"rs111793246.51390171.C.T_C"
"262",20,285,"rs198956.51390353.A.G_A"
"263",20,286,"rs2659117.51390434.G.A_G"
"264",20,288,"rs7256586.51390809.C.A_C"
"265",20,289,"rs66651444.51391121.A.C_A"
"266",20,291,"rs1354774_A"
"267",20,292,"c19_pos56085202_G"
"268",20,293,"rs10408670.51393831.C.T_C"
"269",20,294,"rs2739482.51394286.C.T_C"
"270",21,295,"rs2664146.51394808.G.A_G"
"271",21,298,"rs79866735.51395790.G.T_G"
"272",21,299,"rs2739484.51395819.A.G_A"
"273",21,300,"rs2739486.51396211.C.G_C"
"274",21,302,"rs61044983.51396922.G.T_G"
"275",21,303,"rs2739487.51397007.A.G_A"
"276",21,304,"rs117095876.51397110.G.A_G"
"277",21,305,"rs2659112.51397182.A.G_A"
"278",21,306,"rs56149619.51397212.C.T_C"
"279",21,307,"rs138103226.51397227.T.C_T"
"280",21,308,"rs8105985.51398071.C.A_C"
"281",21,309,"rs1701939.51398191.A.G_A"
"282",21,312,"rs59618192.51398841.A.T_A"
"283",21,313,"rs56325314.51398878.C.T_C"
"284",21,314,"rs1629856.51398888.A.C_A"
"285",22,315,"rs2739491.51399049.T.C_T"
"286",22,316,"rs140277398.51399295.T.C_T"
"287",22,317,"rs112035754.51399309.A.G_A"
"288",22,318,"rs2659110.51399496.C.T_C"
"289",22,319,"rs2739493.51400676.A.C_A"
"290",22,320,"rs2659107_C"
"291",23,321,"rs8104538.51401797.A.G_A"
"292",23,322,"rs3875143_A"
"293",23,323,"rs1654513_T"
"294",23,324,"rs149904243.51403390.G.A_G"
"295",24,325,"rs806024.51403423.C.G_C"
"296",24,327,"rs2569536.51404513.T.A_A"
"297",24,328,"rs806023.51405084.T.C_T"
"298",24,329,"rs2739496.51405475.A.G_G"
"299",24,330,"rs806021_T"
"300",24,331,"rs806019_G"
"301",24,332,"rs11881354.51406129.A.G_A"
"302",24,333,"rs1090649.51406531.C.G_G"
"303",24,334,"rs1090648.51406613.A.G_A"
"304",24,335,"rs2569531.51406618.A.G_A"
"305",24,336,"rs1090647.51406691.C.T_C"
"306",24,337,"rs806018.51406778.A.C_A"
"307",24,338,"rs2739497.51407098.A.G_G"
"308",24,339,"rs145819982.51408243.G.A_G"
"309",24,340,"rs74396166.51408321.T.C_T"
"310",24,341,"rs79031312.51408596.C.A_C"
"311",24,342,"rs2569530.51408608.C.A_C"
"312",24,343,"rs1701926.51408758.G.T_T"
"313",24,344,"rs1139132.51409763.G.T_G"
"314",24,345,"rs1654556.51409803.C.T_T"
"315",24,346,"rs12150961.51409876.G.A_G"
"316",24,347,"c19_pos56101983_G"
"317",24,348,"rs198965.51410398.G.A_G"
"318",24,349,"rs2235091_A"
"319",24,350,"rs1654554.51410772.T.C_C"
"320",25,351,"rs1654553_T"
"321",25,352,"rs7255024.51411263.C.A_C"
"322",25,353,"rs1701929_A"
"323",25,354,"rs2979451.51411388.T.C_T"
"324",25,355,"rs2242670_G"
"325",25,356,"rs2978643.51412326.C.G_C"
"326",25,357,"rs73042402.51412416.G.C_G"
"327",26,358,"rs1654552.51412666.C.A_C"
"328",26,359,"rs1654551.51412668.A.C_A"
"329",26,360,"rs77569647.51412839.G.T_G"
"330",26,361,"rs118107605.51413154.G.T_G"
"331",26,362,"rs198968_G"
"332",26,363,"rs2242669_G"
"333",26,364,"rs198969.51413802.G.C_C"
"334",26,365,"rs2978642_A"
"335",26,366,"rs2979452.51414965.T.C_T"
"336",27,367,"rs2664152_G"
"337",27,368,"rs2664153_A"
"338",28,369,"rs148701654.51415705.G.A_G"
"339",28,370,"rs111230924.51416123.C.T_C"
"340",29,371,"X19.51417034.G.C_G"
"341",29,372,"X19.51417329.C.T_C"
"342",29,373,"rs55675856.51417634.A.C_A"
"343",29,375,"rs55700942.51418250.G.A_A"
"344",29,376,"rs11670134.51418257.C.T_C"
"345",29,377,"rs7248321_T"
"346",29,378,"rs2659077.51419062.C.T_T"
"347",29,380,"rs1701931.51419669.G.T_T"
"348",29,381,"rs1701932.51419694.T.C_C"
"349",29,382,"rs1701933_T"
"350",29,383,"rs78588089.51420756.G.T_G"
"351",29,384,"rs2659078.51420820.A.G_G"
"352",29,385,"rs10427086.51420964.T.C_T"
"353",29,386,"rs62113140.51420996.G.T_T"
"354",29,388,"rs10401284.51421096.T.C_C"
"355",29,389,"rs141135092.51421334.C.G_C"
"356",29,390,"rs2659079.51421491.G.A_A"
"357",30,391,"rs62113142.51421833.A.G_G"
"358",30,392,"rs10419776.51421883.C.G_C"
"359",30,393,"rs268923.51422216.A.T_T"
"360",30,394,"rs268922_A"
"361",30,395,"rs73598979.51422658.T.G_T"
"362",31,396,"rs268921.51422691.G.C_G"
"363",31,397,"rs75883262.51422694.G.T_G"
"364",31,399,"rs10401979.51423118.G.A_G"
"365",31,400,"rs10401844.51423231.C.T_C"
"366",31,401,"rs117639512.51423524.G.A_G"
"367",31,402,"rs8100631_C"
"368",31,403,"rs8101572_T"
"369",31,404,"rs1532904.51424075.T.C_T"
"370",31,406,"rs6509501.51424126.G.A_G"
"371",31,407,"rs7251063.51424297.T.C_T"
"372",31,408,"rs8104307.51424383.C.T_C"
"373",31,409,"rs268919.51424425.T.C_T"
"374",31,410,"rs8104644.51424448.G.A_G"
"375",31,411,"rs268917.51424854.G.A_G"
"376",31,412,"rs870361.51424890.A.G_A"
"377",31,413,"rs17714461_G"
"378",31,414,"rs7254626.51425404.C.A_C"
"379",31,415,"c19_pos56117281_T"
"380",31,416,"rs7255201.51425614.G.C_G"
"381",31,417,"rs117121668.51425615.G.C_G"
"382",31,418,"rs8112574.51425875.T.C_T"
"383",31,419,"rs75541720.51425909.G.A_G"
"384",31,420,"rs74607293.51426054.C.T_C"
"385",31,421,"rs7258794.51426253.C.G_C"
"386",32,422,"rs75111430.51426271.C.A_C"
"387",32,423,"rs6509502.51427356.T.C_T"
"388",32,424,"rs116945012.51427485.C.A_C"
"389",33,425,"rs17727736.51427885.G.A_G"
"390",33,426,"rs112561158.51428729.G.A_G"
"391",33,427,"rs113141458.51428793.G.A_G"
"392",33,428,"rs113485158.51428914.G.A_G"
"393",33,429,"rs7256234.51429035.C.G_C"
"394",33,430,"rs17800825.51429512.A.G_A"
"395",33,431,"rs7256917.51429535.C.G_C"
"396",33,432,"rs8111289.51429589.T.C_T"
"397",33,433,"rs17714545.51430436.C.T_C"
"398",33,434,"rs7245858_A"
"399",34,435,"rs12461743.51430853.G.A_G"
"400",34,436,"rs59881416.51430868.G.A_G"
"401",34,437,"rs1865069.51431159.T.C_T"
"402",34,439,"rs7250378.51431516.G.A_G"
"403",34,440,"rs10409714.51431615.C.T_C"
"404",34,441,"rs35873622.51431772.A.C_A"
"405",34,442,"rs10411538.51431803.T.C_T"
"406",34,443,"rs7255268.51431836.C.T_C"
"407",34,444,"rs112749278.51432508.C.G_C"
"408",34,445,"rs73600813.51432547.C.G_C"
"409",34,446,"rs2659081.51433003.G.A_G"
"410",34,448,"rs57716863.51433398.G.C_G"
"411",34,449,"rs8099967.51433803.C.G_C"
"412",34,450,"rs1654548.51433910.C.T_C"
"413",34,451,"rs1654547.51433975.G.A_G"
"414",34,452,"rs10409216.51434243.T.A_T"
"415",34,453,"rs2659082.51434245.T.A_T"
"416",34,454,"rs2472258_T"
"417",34,455,"rs2456586_T"
"418",34,456,"rs79966016.51434398.C.T_C"
"419",35,457,"rs1654546.51434627.T.C_T"
"420",35,458,"rs17800874.51434783.C.T_C"
"421",35,459,"rs7253049.51434984.C.T_C"
"422",36,460,"rs115458416.51435101.T.C_T"
"423",36,461,"rs117445788.51435137.C.A_C"
"424",36,462,"rs111504285.51435261.G.A_G"
"425",36,463,"rs2569524_A"
"426",36,464,"rs16988270_A"
"427",36,465,"rs2659083_A"
"428",36,469,"rs1701910_T"
"429",36,470,"rs370203195.51436410.T.C_T"
"430",36,471,"rs1701911.51436454.A.G_A"
"431",36,472,"c19_pos56128752_G"
"432",36,473,"rs7246770.51437007.G.A_G"
"433",36,474,"rs11666197.51437525.G.C_G"
"434",36,475,"rs149622538.51437537.G.A_G"
"435",36,476,"rs144330651.51437538.T.C_T"
"436",36,477,"rs6509507.51437776.G.A_G"
"437",36,478,"rs1865068.51438014.G.A_G"
"438",36,480,"rs12459790.51438178.C.T_C"
"439",36,481,"rs7251270.51438477.A.G_A"
"440",36,483,"rs12460497.51439359.G.A_G"
"441",36,484,"rs9304706.51439564.T.C_T"
"442",36,485,"rs10164366.51439569.C.T_C"
"443",36,486,"rs10420829.51439652.T.C_T"
"444",36,487,"rs10401225_T"
"445",36,488,"rs1701942.51440560.T.C_C"
"446",37,489,"rs1701943.51440564.T.A_T"
"447",37,490,"rs144230446.51440632.G.A_G"
"448",37,491,"rs8113756.51440658.G.C_G"
"449",37,492,"rs1701945.51440753.C.A_A"
"450",37,493,"rs2739403_T"
"451",37,494,"rs59753071.51440874.G.A_G"
"452",37,495,"rs8102743.51441058.C.T_C"
"453",37,496,"rs146545424.51441133.A.G_A"
"454",37,497,"rs1654541.51441182.T.C_T"
"455",37,498,"rs112062248.51441268.G.C_G"
"456",37,499,"rs59178825.51441337.A.G_A"
"457",37,500,"c19_pos56133237_G"
"458",37,501,"rs10408594_G"
"459",37,502,"rs11084040_G"
"460",37,503,"rs10408037_A"
"461",37,504,"rs8104441.51441807.T.C_T"
"462",38,505,"c19_pos56133727_G"
"463",38,506,"rs6509508.51442108.A.G_A"
"464",38,507,"rs77522061.51442397.C.T_C"
"465",38,508,"rs268914.51442699.A.G_A"
"466",38,509,"rs77136875.51442992.A.C_A"
"467",38,510,"rs268913_A"
"468",38,511,"rs268912_C"
"469",38,512,"rs10416947.51443844.T.C_T"
"470",38,513,"rs59692791.51443985.G.T_G"
"471",38,514,"rs268911.51444233.C.T_C"
"472",38,515,"rs1812619.51444467.A.G_A"
"473",38,516,"rs1812927.51444709.G.A_G"
"474",38,518,"rs2659087.51445018.C.T_C"
"475",38,519,"rs144813609.51445021.C.T_T"
"476",38,520,"rs36120506.51445424.A.G_A"
"477",38,521,"rs62115181.51445723.G.A_G"
"478",38,522,"rs57044108.51445743.C.T_C"
"479",39,523,"rs2739408.51446123.T.C_C"
"480",39,524,"rs111719331.51446129.G.A_G"
"481",39,525,"rs2569523.51446228.G.C_C"
"482",39,526,"rs2739409.51446246.T.A_T"
"483",39,527,"rs2659090.51446327.C.T_C"
"484",39,528,"rs12461485.51446368.A.T_T"
"485",39,529,"rs2659092_C"
"486",39,530,"rs1701949_C"
"487",39,532,"rs1897604.51447954.T.C_T"
"488",39,533,"rs4802761.51448185.T.C_T"
"489",39,534,"X19.51448311.T.C_T"
"490",39,535,"rs12462803_C"
"491",39,536,"rs12463293.51448904.A.G_A"
"492",39,537,"c19_pos56141378_G"
"493",39,538,"rs268909_A"
"494",39,539,"rs10402016_C"
"495",40,540,"rs268908_A"
"496",40,541,"rs268907.51449901.C.T_C"
"497",40,542,"rs12979237.51449916.G.C_G"
"498",40,543,"rs268906.51449964.T.C_T"
"499",40,544,"rs12459543.51449969.C.A_C"
"500",41,545,"rs11666803_C"
"501",41,546,"rs10409028_C"
"502",42,550,"rs2411333.51451043.A.G_A"
"503",42,551,"rs10415306_C"
"504",43,553,"rs10415743.51451224.C.A_C"
"505",43,554,"rs268904.51451593.A.G_A"
"506",44,555,"rs268903.51451668.T.C_T"
"507",44,558,"rs7259003.51454096.C.T_C"
"508",44,559,"rs2736438.51454777.C.G_C"
"509",44,561,"rs57774291.51455434.C.T_C"
"510",44,562,"X19.51455440.C.A_C"
"511",44,563,"rs2739412.51455814.A.C_A"
"512",44,564,"rs11553092.51456015.G.A_G"
"513",44,567,"rs2232529.51456374.G.T_G"
"514",45,569,"rs2739413.51457056.A.G_G"
"515",45,570,"X19.51457477.G.A_G"
"516",45,574,"rs4592765_T"
"517",45,575,"rs56031098.51460383.C.T_C"
"518",45,576,"rs268887.51460482.A.G_A"
"519",45,577,"rs148904561.51460515.G.C_G"
"520",45,578,"rs56107782.51460566.T.C_T"
"521",45,579,"rs268888_C"
"522",45,580,"rs12463115_C"
"523",45,581,"rs12463132_C"
"524",46,582,"rs268889.51461189.A.G_A"
"525",46,583,"rs146142500.51463240.C.T_C"
"526",46,584,"rs12461147_A"
"527",47,585,"rs12461228_G"
"528",47,586,"rs2659080_G"
"529",47,587,"rs12459585.51463845.T.C_T"
"530",47,588,"rs1701950.51465096.C.G_C"
"531",47,589,"c19_pos56157692_A"
"532",48,590,"rs1654537.51466516.A.G_A"
"533",48,591,"rs59358339.51467048.C.G_C"
"534",48,593,"c19_pos56159973_C"
"535",48,594,"rs117876121.51468659.G.A_G"
"536",49,595,"rs60850416.51470043.C.T_C"
"537",49,597,"rs111404921.51470808.A.C_A"
"538",49,598,"rs79324425.51471083.G.C_G"
"539",49,601,"rs268891.51471983.A.C_C"
"540",49,602,"rs74717060.51471997.G.A_G"
"541",49,604,"rs28665094.51472388.C.T_C"
"542",49,605,"rs74598956.51473245.T.A_T"
"543",49,606,"rs11671058.51473302.T.C_C"
"544",49,607,"rs1654535_C"
"545",49,608,"rs3810287.51473981.G.A_G"
"546",49,609,"rs1722544_T"
"547",49,610,"rs11667946.51474241.C.T_T"
"548",49,611,"rs1701951_G"
"549",49,612,"rs268890_G"
"550",49,613,"rs80209459.51475045.A.G_A"
"551",49,614,"rs1654532.51475535.A.G_G"
"552",49,615,"rs16988619_C"
"553",49,616,"rs2739418.51475818.G.A_A"
"554",49,617,"rs11670155.51476053.C.T_T"
"555",49,618,"rs1701955_C"
"556",49,619,"rs1654530.51476281.A.G_A"
"557",49,620,"rs1722540.51476288.C.G_G"
"558",49,621,"rs1701958_C"
"559",49,622,"rs1618440_T"
"560",49,623,"c19_pos56169508_C"
"561",49,624,"rs78587381.51479087.G.A_G"
"562",50,625,"rs11084043_T"
"563",50,626,"c19_pos56171534_T"
"564",50,627,"rs268883.51480103.T.C_C"
"565",50,628,"rs80056616.51480267.T.C_T"
"566",50,629,"rs118183979.51480312.C.T_C"
"567",50,630,"rs1654528.51480840.C.G_C"
"568",51,632,"rs1722555.51481852.G.T_T"
"569",51,633,"rs60863739.51481876.G.T_G"
"570",51,634,"rs4802763.51481987.A.G_G"
"571",52,635,"c19_pos56174045_G"
"572",52,636,"rs1654526_G"
"573",52,637,"rs1701922.51482719.A.T_A"
"574",52,638,"rs1722558.51482762.A.G_G"
"575",52,639,"rs148022792.51482951.G.A_G"
"576",52,640,"rs1701924.51482969.C.T_T"
"577",52,641,"rs3745533.51483329.C.G_G"
"578",52,642,"rs117747168.51484283.A.G_G"
"579",53,643,"rs2659065.51484553.G.A_A"
"580",53,644,"rs56021438.51484581.G.A_G"
"581",53,645,"rs1991821.51484905.A.G_G"
"582",53,646,"rs1991820.51484984.C.T_T"
"583",53,647,"rs1991819.51484990.T.C_C"
"584",53,648,"rs1991818.51485013.C.T_T"
"585",53,649,"rs1654523_T"
"586",53,652,"rs76597618.51486063.A.G_A"
"587",53,653,"rs1654522.51486770.C.A_C"
"588",53,654,"rs1275221_C"
"589",53,655,"GA035025_G"
"590",53,656,"rs1275220.51487634.C.A_C"
"591",54,657,"rs1275219.51487718.C.A_A"
"592",54,658,"rs12979918.51487766.A.G_A"
"593",55,659,"rs995788_C"
"594",55,660,"rs10402381.51488576.A.G_A"
"595",56,661,"rs1722547.51489007.T.C_T"
"596",56,662,"rs1701948.51489456.C.T_C"
"597",56,663,"rs1654521.51489644.G.A_G"
"598",56,665,"rs1654519.51491115.T.G_T"
"599",56,667,"rs1122466_A"
"600",56,668,"rs4299259_T"
"601",56,669,"rs268899_A"
"602",56,670,"rs268898.51492168.A.G_A"
"603",56,673,"rs268895.51493332.C.T_C"
"604",56,674,"rs268894.51493983.C.G_C"
"605",56,675,"rs2659071_T"
"606",56,677,"rs73936105.51495611.C.T_C"
"607",56,678,"rs1654559.51495686.C.T_C"
"608",56,679,"rs1654558_C"
"609",56,680,"rs76313614.51495823.T.A_T"
"610",56,681,"rs1701921.51495961.C.T_C"
"611",56,683,"rs906191.51497211.C.T_C"
"612",56,684,"rs906190.51497419.C.T_C"
"613",56,687,"rs11667107_C"
"614",56,689,"rs1897606.51498647.G.A_G"
"615",56,690,"rs11084045.51498729.C.T_C"
"616",56,691,"rs1897605.51498778.A.G_A"
"617",56,693,"rs1627239.51499825.C.A_C"
"618",56,694,"rs1701915.51499912.T.C_T"
"619",56,696,"rs1722562.51500192.A.C_A"
"620",56,697,"rs1722561.51500243.A.G_A"
"621",56,699,"c19_pos56194909_G"
"622",56,701,"rs1701946.51503524.T.C_T"
"623",56,702,"rs10410942.51503653.T.C_T"
"624",56,703,"rs1701947.51504075.A.T_A"
"625",56,704,"rs16988801.51504144.C.G_C"
"626",56,705,"c19_pos56196620_G"
"627",56,706,"rs1722550_C"
"628",56,707,"rs6509509.51505371.G.A_G"
"629",56,708,"rs2569456.51505725.C.A_C"
"630",56,709,"rs11084046.51505801.G.A_G"
"631",56,710,"rs2659095_C"
"632",56,711,"rs10404395_G"
"633",56,712,"rs2659096_A"
"634",56,713,"rs2075802.51507020.T.G_T"
"635",56,714,"rs113411910.51507944.C.A_C"
"636",57,715,"rs10420303.51508041.T.C_T"
"637",57,716,"rs11672663.51508721.C.A_C"
"638",57,717,"rs113915632.51508984.A.G_A"
"639",57,718,"rs11673588.51509158.C.T_C"
"640",57,719,"rs2569478.51510078.T.C_T"
"641",57,720,"rs28528952_T"
"642",57,721,"rs1829971.51511562.C.A_C"
"643",57,722,"rs952109.51511870.G.A_G"
"644",57,723,"rs78192156.51512311.C.T_C"
"645",57,724,"rs885756.51513415.G.A_A"
"646",57,725,"rs2569439.51514437.C.T_C"
"647",57,726,"rs2569441_C"
"648",57,727,"rs62115743.51514874.C.T_C"
"649",57,728,"rs2222554.51515145.A.T_A"
"650",57,729,"rs2739427.51515411.A.G_G"
"651",58,730,"rs7248342.51515549.A.G_A"
"652",58,731,"rs2569443.51515833.C.G_C"
"653",58,733,"rs2739430.51516345.T.C_C"
"654",58,734,"rs145472676.51516539.T.A_T"
"655",58,735,"rs2691257.51516647.G.T_G"
"656",58,736,"rs2739431.51516715.T.C_C"
"657",58,737,"rs7252982.51516771.C.A_C"
"658",58,738,"rs6509511.51516837.T.C_C"
"659",58,739,"rs11668629.51517187.G.T_G"
"660",58,740,"rs2739433_C"
"661",58,741,"rs2739434.51517239.A.G_G"
"662",58,743,"rs11668612_C"
"663",58,744,"rs2569449.51517466.C.T_T"
"664",58,745,"rs78117875.51517479.T.G_T"
"665",58,746,"GA016756_G"
"666",58,747,"rs10426.51517798.G.A_G"
"667",58,748,"c19_pos56209860_C"
"668",58,749,"rs2075696.51518222.G.A_G"
"669",59,750,"rs2075695_G"
"670",59,754,"rs1061368.51519346.G.C_G"
"671",59,755,"rs2075688.51519364.T.G_G"
"672",59,756,"rs2075687.51519451.T.C_C"
"673",59,757,"rs12981039.51519480.C.A_C"
"674",59,758,"rs6509512.51519588.T.C_C"
"675",59,759,"rs56035820.51519710.C.T_C"
"676",59,760,"rs7250580.51519803.A.G_G"
"677",59,762,"rs3745535_C"
"678",60,763,"rs10424744.51520924.T.G_T"
"679",60,765,"rs80131228.51521636.G.T_G"
"680",60,766,"rs7259451_G"
"681",60,767,"rs62115757.51521821.T.G_T"
"682",60,768,"rs7255834.51521876.T.C_T"
"683",60,769,"rs7255930.51521918.T.C_C"
"684",60,770,"rs2304156.51522286.C.T_C"
"685",60,771,"rs2304157.51522291.G.C_C"
"686",60,772,"rs77303625.51522756.G.A_G"
"687",60,773,"rs2569454_C"
"688",60,774,"rs7259651_A"
"689",60,775,"rs3760737_G"
"690",60,776,"rs3760738_G"
"691",60,777,"rs148431400.51523928.G.A_G"
"692",60,778,"rs111352211.51524134.G.A_G"
"693",60,779,"rs2691209.51524204.C.T_C"
"694",61,780,"rs62115758.51524205.G.T_G"
"695",61,782,"rs1048344_T"
"696",61,783,"rs2691208_G"
"697",61,785,"rs1048328_G"
"698",61,786,"c19_pos56219616_C"
"699",61,787,"rs117268623.51527970.C.T_C"
"700",62,788,"rs3745539_C"
"701",62,789,"rs62117661.51528832.C.T_C"
"702",63,790,"rs2250066_C"
"703",63,791,"c19_pos56221189_G"
"704",63,792,"rs73591965.51529548.C.A_C"
"705",63,793,"rs11673638.51530244.T.C_T"
"706",63,794,"rs143406762.51530640.G.A_G"
"707",64,795,"rs1474520_A"
"708",64,796,"rs61752567.51530741.C.G_C"
"709",64,797,"rs2569457.51531099.G.A_A"
"710",64,798,"rs12608873.51531771.T.C_C"
"711",64,799,"rs12609283_A"
"712",65,800,"rs11669237.51533417.C.G_C"
"713",65,801,"rs75565227.51534020.C.T_C"
"714",65,802,"rs78018472.51534691.C.T_C"
"715",65,803,"rs3745540_G"
"716",65,804,"rs3786679.51536287.T.C_T"
"717",65,805,"rs111496694.51536477.A.G_A"
"718",65,806,"rs2691210.51536642.C.T_C"
"719",65,809,"rs8104577.51538154.T.G_T"
"720",65,810,"rs3760739_G"
"721",65,811,"c19_pos56230764_G"
"722",65,812,"rs3760741.51539418.G.A_G"
"723",65,813,"rs2569459.51539433.C.T_C"
"724",65,814,"rs3760743.51539461.A.G_A"
"725",65,815,"rs3760744.51539606.C.G_C"
"726",65,816,"rs62117665.51540143.T.C_T"
"727",65,817,"rs2569460.51540162.G.T_T"
"728",65,818,"rs8111766_A"
"729",65,819,"rs2569461.51541156.G.A_G"
"730",65,821,"rs8101861.51541378.C.T_C"
"731",65,822,"rs62117666.51541694.G.A_G"
"732",65,823,"rs2569463.51541970.G.A_G"
"733",65,824,"rs62117667.51542085.C.A_C"
"734",65,825,"rs7259254.51542184.A.G_G"
"735",65,826,"c19_pos56234001_G"
"736",65,827,"rs2691213.51542404.A.G_G"
"737",65,828,"rs2691214_C"
"738",65,829,"rs10401766_C"
"739",65,831,"rs8103083.51543695.A.G_A"
"740",65,832,"rs7252276.51543864.C.T_C"
"741",65,833,"rs2691216.51544510.A.C_C"
"742",65,834,"rs148341644.51544543.C.T_C"
"743",66,835,"rs2691218.51544548.A.G_G"
"744",66,836,"rs2691219.51544640.T.C_C"
"745",66,837,"rs138712525.51544665.G.A_G"
"746",66,838,"rs2691220.51544753.C.T_T"
"747",66,839,"rs2691221.51544824.A.G_A"
"748",66,840,"rs62114066.51545111.G.A_G"
"749",66,841,"rs2739441.51545118.T.G_G"
"750",66,842,"X19.51545413.G.T_G"
"751",66,843,"rs2691225.51545463.T.C_T"
"752",66,845,"rs6509514.51545926.C.T_C"
"753",66,846,"rs2691228.51546588.T.C_C"
"754",66,847,"rs2691229.51546642.T.C_T"
"755",67,848,"rs8101399.51546797.G.C_G"
"756",67,850,"rs77342236.51546966.C.G_C"
"757",68,851,"rs62114067.51547592.A.C_A"
"758",68,852,"rs2691230_T"
"759",69,855,"rs11084048.51548032.C.T_C"
"760",69,856,"rs11882425.51548095.G.T_T"
"761",70,857,"rs6509516.51548192.T.C_C"
"762",70,858,"rs3859451.51548531.G.T_T"
"763",70,859,"rs142828509.51548858.C.T_C"
"764",71,860,"rs2691233.51548900.T.C_C"
"765",71,861,"rs7258761.51548997.C.A_A"
"766",71,862,"rs2691235.51549080.A.C_A"
"767",71,863,"rs2691236.51549086.T.C_C"
"768",71,864,"rs2569469_G"
"769",71,865,"rs45460193_C"
"770",72,868,"X19.51549714.T.G_T"
"771",72,869,"rs116594505.51549803.C.T_C"
"772",72,870,"rs202234151.51549810.G.T_G"
"773",72,871,"rs10406666.51549890.T.G_G"
"774",72,872,"rs2691238.51550000.C.G_G"
"775",72,873,"rs71358805.51550028.C.A_C"
"776",72,874,"rs28694119.51550077.C.T_T"
"777",72,875,"rs7249762_T"
"778",72,876,"rs8105944_C"
"779",73,877,"rs145464041.51551028.T.C_T"
"780",73,878,"rs12985645.51551142.G.A_G"
"781",73,879,"rs56187536.51551474.C.A_C"
"782",73,880,"rs2691239_G"
"783",73,881,"rs10407079_C"
"784",73,882,"rs76975163.51552255.A.G_A"
"785",73,883,"rs12461744.51552563.A.G_A"
"786",73,884,"rs12104184.51552607.T.C_T"
"787",73,885,"rs11671745.51552977.A.T_A"
"788",74,886,"rs2569470.51553045.G.A_G"
"789",74,887,"rs60829991.51553405.G.A_G"
"790",74,888,"rs885146_T"
"791",75,889,"rs4358048.51554496.G.A_G"
"792",75,890,"rs1969434.51554711.G.T_G"
"793",75,891,"rs2691240.51554821.T.C_C"
"794",75,892,"rs10403436.51554963.G.A_G"
"795",75,893,"c19_pos56247012_C"
"796",75,894,"rs2569471_C"
"797",75,895,"rs2569472_C"
"798",75,896,"rs10411442.51556333.C.G_C"
"799",75,897,"rs11667291_G"
"800",76,898,"rs148961250.51556755.G.A_G"
"801",76,899,"rs10418724.51557159.G.A_G"
"802",76,900,"rs2691241_T"
"803",76,901,"rs2691243_C"
"804",76,902,"rs17658754_T"
"805",76,903,"rs2736436.51559114.G.C_G"
"806",76,904,"rs10416060_T"
"807",76,905,"rs12460266.51560386.T.G_G"
"808",76,906,"rs1880413.51560467.T.C_T"
"809",76,907,"rs8110488.51560882.A.G_A"
"810",76,908,"rs71358807.51561333.G.C_G"
"811",76,909,"rs8111207.51561413.A.T_A"
"812",76,910,"rs34089525.51563265.G.A_G"
"813",76,911,"rs2569474_A"
"814",77,913,"rs4575635.51566035.C.G_C"
"815",77,914,"rs1404320_C"
"816",77,915,"rs1404319_G"
"817",77,916,"rs1404318_A"
"818",77,917,"rs1080669_C"
"819",77,918,"rs112237160.51566865.C.T_C"
"820",78,919,"rs10426620.51566873.G.A_G"
"821",78,920,"rs2736433_G"
"822",78,921,"c19_pos56259205_G"
"823",78,922,"rs10500306.51567990.T.C_T"
"824",78,924,"rs3810091_C"
"825",78,925,"rs2691247.51568847.C.A_C"
"826",78,926,"rs35379909_C"
"827",78,927,"rs2569476.51569548.C.T_C"
"828",78,928,"rs2569477_G"
"829",78,929,"rs57763785.51571144.G.A_G"
"830",78,930,"rs58121148.51571448.T.C_T"
"831",78,931,"rs12982823.51571997.A.G_A"
"832",78,932,"rs17728296_G"
"833",78,933,"c19_pos56263909_C"
"834",79,934,"rs1001538_T"
"835",79,935,"rs79321884.51572403.A.G_A"
"836",80,937,"rs7351079_A"
"837",80,938,"rs7253169.51574472.G.A_G"
"838",81,939,"rs145396720.51574913.C.T_C"
"839",81,940,"rs62114140.51575009.C.T_C"
"840",81,941,"rs142017972.51575124.T.G_T"
"841",81,942,"rs1404316.51575281.G.A_G"
"842",81,944,"rs16988866_C"
"843",81,945,"rs2569484_G"
"844",81,946,"rs2569485_T"
"845",81,947,"rs2569487.51578855.G.A_G"
"846",81,948,"rs2569488_T"
"847",81,949,"rs16988872_C"
"848",82,952,"rs113235029.51582217.C.A_C"
"849",82,953,"rs11671800_G"
"850",82,954,"rs6509518.51583003.A.G_A"
"851",82,955,"rs11671942_G"
"852",83,956,"rs867192_G"
"853",83,957,"X19.51583443.T.A_T"
"854",83,958,"rs11672001.51583544.G.A_G"
"855",83,959,"rs867191_T"
"856",83,960,"rs10445581_C"
"857",83,961,"rs17658926.51584410.G.A_G"
"858",83,962,"rs10500304_T"
"859",83,964,"rs2569491_G"
"860",83,965,"rs35287116.51584951.T.C_T"
"861",83,966,"rs62114143.51585112.C.T_C"
"862",84,968,"rs2235100_T"
"863",84,969,"rs2072689_C"
"864",84,970,"rs73596517.51586527.G.A_G"
"865",84,971,"rs73051038.51586958.G.C_G"
"866",85,972,"rs12609392.51587007.G.A_G"
"867",85,973,"rs2691232.51587288.T.G_G"
"868",85,974,"rs3745543.51587765.G.C_C"
"869",85,975,"rs7260199.51587893.T.C_C"
"870",85,976,"rs73596529.51587953.C.T_C"
"871",85,977,"rs79537949.51587956.T.C_C"
"872",85,978,"rs7259389.51587966.C.T_C"
